鼻子,右眼,左眼,右耳,左耳,右肩,左肩,右肘,左肘,右手,左手,右胯,左胯,右膝盖,左膝盖,右脚踝,左脚踝
"[553.73291015625, 845.7555541992188]","[532.0216064453125, 834.89990234375]","[542.8772583007812, 878.3225708007812]","[575.4442138671875, 824.0443115234375]","[564.5885620117188, 910.8894653320312]","[694.8563842773438, 802.3330078125]","[673.1450805664062, 932.6007690429688]","[846.8353881835938, 715.4878540039062]","[781.7015380859375, 802.3330078125]","[759.9902954101562, 769.7660522460938]","[759.9902954101562, 769.7660522460938]","[987.9588012695312, 845.7555541992188]","[987.9588012695312, 900.0337524414062]","[1226.782958984375, 748.0547485351562]","[1215.9273681640625, 758.910400390625]","[1454.7515869140625, 878.3225708007812]","[1433.040283203125, 943.4564208984375]"
"[551.2925415039062, 845.8040161132812]","[540.385986328125, 834.8973388671875]","[540.385986328125, 878.5237426757812]","[573.105712890625, 823.9907836914062]","[573.105712890625, 911.2434692382812]","[693.0781860351562, 802.1776123046875]","[671.2649536132812, 933.056640625]","[845.7703247070312, 714.9249267578125]","[780.330810546875, 802.1776123046875]","[758.5177001953125, 769.4578247070312]","[758.5177001953125, 769.4578247070312]","[998.4625244140625, 834.8973388671875]","[987.555908203125, 900.3369140625]","[1227.500732421875, 747.6447143554688]","[1216.5941162109375, 769.4578247070312]","[1423.819091796875, 911.2434692382812]","[1434.725830078125, 943.9631958007812]"
"[558.3123168945312, 834.0733032226562]","[536.3765869140625, 834.0733032226562]","[547.3444213867188, 856.009033203125]","[569.2802124023438, 834.0733032226562]","[569.2802124023438, 899.8805541992188]","[689.9268188476562, 812.1375732421875]","[667.9910278320312, 932.7841186523438]","[843.4769897460938, 724.39453125]","[799.6055297851562, 779.2339477539062]","[755.7340698242188, 768.2660522460938]","[744.7661743164062, 768.2660522460938]","[997.0272827148438, 845.0411987304688]","[986.0593872070312, 899.8805541992188]","[1216.3846435546875, 746.3302612304688]","[1216.3846435546875, 768.2660522460938]","[1457.6778564453125, 877.9447631835938]","[1424.7742919921875, 943.7520141601562]"
"[565.2852172851562, 834.4608764648438]","[532.1299438476562, 823.4091186523438]","[554.2334594726562, 856.5643920898438]","[576.3369750976562, 834.4608764648438]","[565.2852172851562, 900.7714233398438]","[686.8545532226562, 812.3573608398438]","[664.7510375976562, 933.9266967773438]","[841.5791625976562, 723.9432983398438]","[775.2686157226562, 801.3056030273438]","[764.2168579101562, 768.1503295898438]","[742.1133422851562, 768.1503295898438]","[996.3037719726562, 834.4608764648438]","[985.2520141601562, 889.7196655273438]","[1217.3388671875, 746.0468139648438]","[1217.3388671875, 768.1503295898438]","[1416.2705078125, 911.8231811523438]","[1427.322265625, 956.0302124023438]"
"[564.3888549804688, 825.7618408203125]","[542.2806396484375, 814.7078247070312]","[553.334716796875, 847.8700561523438]","[663.8756713867188, 792.599609375]","[575.4429321289062, 903.1405639648438]","[697.0379028320312, 814.7078247070312]","[663.8756713867188, 925.248779296875]","[840.7411499023438, 715.220947265625]","[796.5248413085938, 792.599609375]","[763.3624877929688, 770.491455078125]","[752.3084106445312, 770.491455078125]","[995.4984130859375, 836.81591796875]","[984.4443359375, 892.08642578125]","[1227.63427734375, 748.3832397460938]","[1216.5802001953125, 759.4373168945312]","[1415.553955078125, 914.1946411132812]","[1426.60791015625, 947.3568725585938]"
"[566.0037231445312, 835.9896850585938]","[543.9591674804688, 824.9674072265625]","[554.9814453125, 858.0341796875]","[577.0260009765625, 835.9896850585938]","[566.0037231445312, 902.123291015625]","[698.2710571289062, 802.9227905273438]","[665.2041625976562, 924.1679077148438]","[841.5606079101562, 714.74462890625]","[808.4937744140625, 769.85595703125]","[764.4046630859375, 769.85595703125]","[753.3823852539062, 769.85595703125]","[984.8501586914062, 835.9896850585938]","[984.8501586914062, 891.1010131835938]","[1227.340087890625, 747.8114624023438]","[1216.31787109375, 758.833740234375]","[1425.7410888671875, 913.1455078125]","[1436.763427734375, 957.2346801757812]"
"[566.3884887695312, 835.6063842773438]","[533.2982788085938, 824.5762939453125]","[555.3583984375, 857.6664428710938]","[566.3884887695312, 824.5762939453125]","[566.3884887695312, 901.7867431640625]","[687.7191772460938, 813.5462036132812]","[665.6590576171875, 923.846923828125]","[842.14013671875, 714.275634765625]","[809.0499267578125, 769.4259643554688]","[764.9296875, 769.4259643554688]","[742.8695068359375, 769.4259643554688]","[985.531005859375, 835.6063842773438]","[974.5009155273438, 890.7566528320312]","[1217.162353515625, 747.3657836914062]","[1217.162353515625, 769.4259643554688]","[1415.70361328125, 912.8168334960938]","[1437.763671875, 956.93701171875]"
"[564.4822387695312, 834.4429931640625]","[542.4022216796875, 823.4029541015625]","[553.4421997070312, 856.52294921875]","[575.522216796875, 834.4429931640625]","[564.4822387695312, 900.6829223632812]","[696.9622802734375, 812.3629150390625]","[663.8422241210938, 933.8029174804688]","[840.4822998046875, 724.0429077148438]","[796.3223266601562, 790.2828979492188]","[763.2022705078125, 768.2029418945312]","[752.1622924804688, 768.2029418945312]","[984.0023193359375, 845.48291015625]","[972.9623413085938, 900.6829223632812]","[1215.84228515625, 746.1229248046875]","[1215.84228515625, 768.2029418945312]","[1425.602294921875, 900.6829223632812]","[1436.642333984375, 955.8829345703125]"
"[563.2921752929688, 834.790283203125]","[541.1597290039062, 812.6578979492188]","[552.2259521484375, 856.9227294921875]","[651.8218383789062, 801.5916748046875]","[574.3583984375, 912.2537841796875]","[696.0867309570312, 812.6578979492188]","[662.8880615234375, 923.3200073242188]","[839.9474487304688, 724.1282348632812]","[795.6825561523438, 790.5254516601562]","[762.4839477539062, 768.39306640625]","[751.4177856445312, 768.39306640625]","[983.8081665039062, 845.8565063476562]","[983.8081665039062, 890.121337890625]","[1216.198486328125, 746.2606811523438]","[1216.198486328125, 768.39306640625]","[1448.5888671875, 879.05517578125]","[1437.522705078125, 956.5186157226562]"
"[569.3453369140625, 833.7867431640625]","[536.4457397460938, 822.8202514648438]","[547.4122924804688, 855.7198486328125]","[569.3453369140625, 833.7867431640625]","[569.3453369140625, 899.5859985351562]","[689.9771118164062, 811.853759765625]","[668.0440063476562, 932.4854736328125]","[843.5084228515625, 724.12158203125]","[799.642333984375, 789.9207763671875]","[755.7763061523438, 767.9876708984375]","[744.8097534179688, 767.9876708984375]","[986.0732421875, 844.7533569335938]","[986.0732421875, 899.5859985351562]","[1216.3701171875, 746.0546264648438]","[1216.3701171875, 767.9876708984375]","[1413.767578125, 910.552490234375]","[1435.70068359375, 954.4185791015625]"
"[567.3870849609375, 834.1868896484375]","[534.3501586914062, 823.1746215820312]","[556.3748168945312, 856.2116088867188]","[567.3870849609375, 834.1868896484375]","[567.3870849609375, 900.2608642578125]","[688.5225219726562, 812.1622924804688]","[666.4978637695312, 933.2977294921875]","[842.6948852539062, 724.0638427734375]","[787.6333618164062, 790.1376953125]","[765.6087036132812, 768.1130981445312]","[754.596435546875, 768.1130981445312]","[985.8550415039062, 845.19921875]","[985.8550415039062, 900.2608642578125]","[1217.113525390625, 746.0884399414062]","[1217.113525390625, 768.1130981445312]","[1415.335205078125, 911.2731323242188]","[1426.3475341796875, 955.3223876953125]"
"[559.92041015625, 825.5580444335938]","[537.6514282226562, 814.423583984375]","[548.785888671875, 847.8270874023438]","[671.2654418945312, 792.154541015625]","[571.054931640625, 903.4995727539062]","[693.5344848632812, 814.423583984375]","[671.2654418945312, 925.7686157226562]","[849.4175415039062, 725.3474731445312]","[827.1485595703125, 758.7510375976562]","[760.3414916992188, 769.8855590820312]","[760.3414916992188, 769.8855590820312]","[994.1661376953125, 836.6925048828125]","[983.0316162109375, 892.3650512695312]","[1227.9906005859375, 747.6165161132812]","[1216.856201171875, 758.7510375976562]","[1417.277099609375, 914.6340942382812]","[1428.41162109375, 948.0376586914062]"
"[565.1282348632812, 826.5343017578125]","[543.0582885742188, 815.4993896484375]","[554.09326171875, 848.604248046875]","[664.44287109375, 804.4644165039062]","[565.1282348632812, 903.779052734375]","[697.5477905273438, 804.4644165039062]","[664.44287109375, 925.8489990234375]","[841.0022583007812, 727.2197265625]","[796.8624267578125, 793.429443359375]","[763.757568359375, 760.3245849609375]","[752.7225952148438, 771.3595581054688]","[995.4917602539062, 837.5692749023438]","[984.456787109375, 892.7440795898438]","[1227.225830078125, 749.2896728515625]","[1216.19091796875, 760.3245849609375]","[1414.8201904296875, 914.8140258789062]","[1436.8900146484375, 947.9188842773438]"
"[564.3741455078125, 826.2653198242188]","[542.2650146484375, 815.210693359375]","[553.319580078125, 848.37451171875]","[663.8652954101562, 804.15625]","[564.3741455078125, 903.6473388671875]","[697.029052734375, 804.15625]","[663.8652954101562, 925.7565307617188]","[840.7384643554688, 726.774169921875]","[796.5202026367188, 793.1016235351562]","[763.3565063476562, 759.9379272460938]","[763.3565063476562, 770.992431640625]","[995.5025024414062, 837.3198852539062]","[984.4479370117188, 892.5927734375]","[1227.6484375, 748.88330078125]","[1216.5938720703125, 759.9379272460938]","[1415.576171875, 914.701904296875]","[1437.685302734375, 947.8656005859375]"
"[567.091064453125, 837.39892578125]","[534.08740234375, 826.3976440429688]","[556.08984375, 859.4013671875]","[578.09228515625, 826.3976440429688]","[567.091064453125, 903.40625]","[699.1057739257812, 804.3952026367188]","[666.1021118164062, 925.40869140625]","[842.1217041015625, 727.3865966796875]","[809.1179809570312, 771.3915405273438]","[765.1130981445312, 760.3902587890625]","[743.1106567382812, 771.3915405273438]","[996.1388549804688, 837.39892578125]","[985.1376342773438, 892.4049682617188]","[1227.16455078125, 749.3890380859375]","[1216.163330078125, 760.3902587890625]","[1425.1865234375, 914.4074096679688]","[1436.187744140625, 947.4111328125]"
"[564.2569580078125, 826.3265991210938]","[542.1858520507812, 815.2909545898438]","[553.2213745117188, 848.397705078125]","[663.5770874023438, 793.2198486328125]","[564.2569580078125, 903.5755004882812]","[696.6837768554688, 804.25537109375]","[663.5770874023438, 925.6466064453125]","[840.1461791992188, 727.0064697265625]","[796.00390625, 793.2198486328125]","[773.9327392578125, 760.1131591796875]","[751.8616333007812, 771.148681640625]","[994.6441040039062, 837.3621215820312]","[983.6085205078125, 892.5399780273438]","[1226.390869140625, 749.0775756835938]","[1215.3553466796875, 760.1131591796875]","[1413.99560546875, 914.611083984375]","[1436.066650390625, 947.7177734375]"
"[565.4642333984375, 826.3259887695312]","[543.4451293945312, 815.31640625]","[554.4547119140625, 848.3450317382812]","[653.5405883789062, 804.3068237304688]","[565.4642333984375, 903.3927612304688]","[697.5787963867188, 804.3068237304688]","[664.5501708984375, 925.4119262695312]","[840.7029418945312, 727.2400512695312]","[796.6647338867188, 793.2972412109375]","[774.6456909179688, 760.2686767578125]","[763.6361694335938, 771.2781982421875]","[994.8366088867188, 837.33544921875]","[983.8270874023438, 892.3831787109375]","[1226.037109375, 749.2591552734375]","[1215.027587890625, 760.2686767578125]","[1435.2186279296875, 903.3927612304688]","[1435.2186279296875, 947.4309692382812]"
"[549.8472900390625, 849.5244140625]","[538.9495239257812, 838.6266479492188]","[538.9495239257812, 871.3200073242188]","[571.6428833007812, 827.7288818359375]","[571.6428833007812, 914.9111328125]","[691.5183715820312, 805.933349609375]","[669.7228393554688, 925.808837890625]","[844.0872192382812, 718.7511596679688]","[789.5983276367188, 784.1378173828125]","[767.8027954101562, 762.34228515625]","[756.905029296875, 773.239990234375]","[985.7582397460938, 838.6266479492188]","[985.7582397460938, 893.115478515625]","[1225.50927734375, 740.5466918945312]","[1214.6114501953125, 762.34228515625]","[1454.3624267578125, 871.3200073242188]","[1432.56689453125, 947.6043701171875]"
"[556.8161010742188, 848.2957763671875]","[534.8606567382812, 826.3403930664062]","[545.83837890625, 870.251220703125]","[578.7715454101562, 826.3403930664062]","[567.7937622070312, 914.162109375]","[688.5486450195312, 804.3849487304688]","[666.5932006835938, 925.1398315429688]","[842.2366333007812, 727.541015625]","[798.3257446289062, 782.4295043945312]","[765.3926391601562, 771.4518432617188]","[743.4371948242188, 771.4518432617188]","[984.9468383789062, 837.3180541992188]","[984.9468383789062, 903.184326171875]","[1226.4564208984375, 749.4963989257812]","[1215.478759765625, 760.47412109375]","[1456.9884033203125, 881.22900390625]","[1435.032958984375, 947.09521484375]"
"[565.2830200195312, 838.245849609375]","[543.274658203125, 816.237548828125]","[554.27880859375, 860.2542724609375]","[576.2871704101562, 827.2417602539062]","[565.2830200195312, 904.2709350585938]","[686.328857421875, 805.2333374023438]","[664.3204956054688, 926.2792358398438]","[840.3872680664062, 728.2042236328125]","[796.3705444335938, 794.229248046875]","[774.3622436523438, 761.2166748046875]","[752.3539428710938, 772.2208251953125]","[983.4414672851562, 838.245849609375]","[983.4414672851562, 893.2667236328125]","[1225.533203125, 750.2125244140625]","[1214.529052734375, 761.2166748046875]","[1423.6082763671875, 904.2709350585938]","[1434.6124267578125, 948.2875366210938]"
"[565.6062622070312, 837.3900146484375]","[543.5999145507812, 815.3836669921875]","[554.6030883789062, 859.3963623046875]","[576.6094360351562, 826.3869018554688]","[565.6062622070312, 903.4090576171875]","[697.6444091796875, 804.3804931640625]","[664.6348876953125, 925.4154052734375]","[840.6857299804688, 727.3582763671875]","[796.6730346679688, 793.3773193359375]","[774.6666870117188, 771.3709716796875]","[752.6602783203125, 771.3709716796875]","[994.7302856445312, 837.3900146484375]","[983.72705078125, 892.4059448242188]","[1225.796875, 749.3646240234375]","[1214.793701171875, 760.3677978515625]","[1434.8572998046875, 903.4090576171875]","[1434.8572998046875, 947.421875]"
"[563.7129516601562, 837.6229858398438]","[541.6463012695312, 815.5562744140625]","[552.6796264648438, 859.6895751953125]","[651.9796142578125, 804.52294921875]","[563.7129516601562, 903.8229370117188]","[696.1129760742188, 804.52294921875]","[663.012939453125, 925.8895874023438]","[839.5462646484375, 727.2896118164062]","[795.4129028320312, 793.4895629882812]","[773.3462524414062, 760.3895874023438]","[751.2796020507812, 771.4229736328125]","[994.0128784179688, 837.6229858398438]","[982.9796142578125, 892.78955078125]","[1225.712890625, 749.3562622070312]","[1214.679443359375, 760.3895874023438]","[1424.312744140625, 903.8229370117188]","[1435.34619140625, 947.9562377929688]"
"[561.8217163085938, 827.3682250976562]","[539.6644897460938, 816.2896118164062]","[550.7431030273438, 849.5254516601562]","[650.4506225585938, 794.1325073242188]","[572.9003295898438, 904.9185180664062]","[694.7650756835938, 816.2896118164062]","[661.5292358398438, 927.0757446289062]","[838.7870483398438, 727.6607666015625]","[816.6298217773438, 771.9752197265625]","[761.2367553710938, 771.9752197265625]","[750.1581420898438, 771.9752197265625]","[993.8875732421875, 838.4468383789062]","[982.8089599609375, 893.8399047851562]","[1226.538330078125, 749.8179931640625]","[1215.459716796875, 760.8966064453125]","[1414.874755859375, 915.9971313476562]","[1425.953369140625, 949.2329711914062]"
"[560.5296630859375, 827.84375]","[538.3331909179688, 816.7454833984375]","[549.4314575195312, 850.0402221679688]","[660.413818359375, 794.5490112304688]","[571.6278686523438, 905.5314331054688]","[693.7085571289062, 816.7454833984375]","[671.5120239257812, 927.7278442382812]","[849.0838623046875, 727.9595947265625]","[826.8873901367188, 761.2542724609375]","[760.2979125976562, 772.3525390625]","[760.2979125976562, 772.3525390625]","[993.3609619140625, 838.9420166015625]","[982.2627563476562, 894.4332275390625]","[1215.32568359375, 739.057861328125]","[1215.32568359375, 761.2542724609375]","[1426.192138671875, 894.4332275390625]","[1426.192138671875, 949.92431640625]"
"[564.1732788085938, 827.7019653320312]","[542.1207275390625, 816.6757202148438]","[553.14697265625, 849.7545166015625]","[652.3832397460938, 794.623291015625]","[564.1732788085938, 904.8858032226562]","[696.4883422851562, 816.6757202148438]","[663.4094848632812, 926.9382934570312]","[839.8296508789062, 728.4656982421875]","[795.7245483398438, 794.623291015625]","[773.6720581054688, 772.5707397460938]","[762.6458129882812, 772.5707397460938]","[994.1972045898438, 838.728271484375]","[983.1709594726562, 893.8594970703125]","[1225.7484130859375, 750.5181884765625]","[1214.7222900390625, 761.5444946289062]","[1413.19482421875, 915.9120483398438]","[1435.247314453125, 948.9907836914062]"
"[557.9689331054688, 828.5038452148438]","[546.8026733398438, 817.3377685546875]","[546.8026733398438, 839.6700439453125]","[647.2984619140625, 795.0053100585938]","[569.1350708007812, 906.667236328125]","[703.1294555664062, 817.3377685546875]","[669.6307983398438, 928.9996337890625]","[848.2899780273438, 728.0081787109375]","[825.9575805664062, 761.5067138671875]","[758.9603881835938, 772.6729736328125]","[758.9603881835938, 772.6729736328125]","[1004.6166381835938, 828.5038452148438]","[982.2842407226562, 895.5010375976562]","[1227.9404296875, 750.3405151367188]","[1216.7742919921875, 761.5067138671875]","[1406.5994873046875, 917.8334350585938]","[1417.765625, 951.3319702148438]"
"[567.1444702148438, 829.0711059570312]","[544.7285766601562, 817.8632202148438]","[544.7285766601562, 851.4869384765625]","[645.5997924804688, 806.6552734375]","[567.1444702148438, 907.5264892578125]","[701.639404296875, 817.8632202148438]","[668.0156860351562, 929.9423217773438]","[847.3422241210938, 728.199951171875]","[824.9264526367188, 761.8236694335938]","[757.678955078125, 773.0315551757812]","[757.678955078125, 773.0315551757812]","[993.0451049804688, 829.0711059570312]","[981.8372192382812, 885.1106567382812]","[1228.4112548828125, 750.61572265625]","[1217.2032470703125, 761.8236694335938]","[1418.94580078125, 896.318603515625]","[1418.94580078125, 952.358154296875]"
"[567.5880737304688, 828.8662719726562]","[545.2039184570312, 817.6741943359375]","[545.2039184570312, 851.25048828125]","[645.9326782226562, 806.4821166992188]","[567.5880737304688, 907.2108154296875]","[701.8931274414062, 817.6741943359375]","[668.3168334960938, 918.4028930664062]","[847.39013671875, 728.1375122070312]","[825.0059814453125, 761.7138061523438]","[757.8534545898438, 772.9058227539062]","[757.8534545898438, 772.9058227539062]","[1004.0792846679688, 828.8662719726562]","[981.6951293945312, 896.0187377929688]","[1227.9208984375, 750.521728515625]","[1216.728759765625, 761.7138061523438]","[1418.186279296875, 896.0187377929688]","[1418.186279296875, 963.1712646484375]"
"[557.4077758789062, 829.1293334960938]","[535.0487060546875, 817.9498291015625]","[546.2282104492188, 851.4884033203125]","[658.0233764648438, 795.5907592773438]","[568.5872192382812, 907.385986328125]","[691.5619506835938, 817.9498291015625]","[669.2029418945312, 929.7449951171875]","[836.895751953125, 728.513671875]","[825.7161865234375, 762.05224609375]","[758.6390991210938, 773.2317504882812]","[758.6390991210938, 773.2317504882812]","[993.408935546875, 829.1293334960938]","[982.2294921875, 896.2064819335938]","[1228.1787109375, 750.8726806640625]","[1216.999267578125, 762.05224609375]","[1418.2305908203125, 896.2064819335938]","[1418.2305908203125, 952.1040649414062]"
"[557.3362426757812, 829.2996215820312]","[534.93896484375, 818.1010131835938]","[546.1376342773438, 851.6968994140625]","[646.9254760742188, 795.70361328125]","[568.5348510742188, 907.690185546875]","[691.7201538085938, 818.1010131835938]","[669.3228149414062, 918.888916015625]","[848.5012817382812, 728.51171875]","[826.1039428710938, 762.107666015625]","[758.9120483398438, 773.3063354492188]","[758.9120483398438, 773.3063354492188]","[994.0838012695312, 829.2996215820312]","[982.8851928710938, 896.4915161132812]","[1218.0567626953125, 739.7103881835938]","[1218.0567626953125, 762.107666015625]","[1419.632568359375, 907.690185546875]","[1419.632568359375, 963.6834106445312]"
"[554.4714965820312, 829.3235473632812]","[543.214599609375, 818.066650390625]","[543.214599609375, 851.83740234375]","[644.5270385742188, 806.8096923828125]","[565.7284545898438, 908.1221923828125]","[689.5548706054688, 806.8096923828125]","[667.0409545898438, 930.6360473632812]","[835.8950805664062, 728.0111083984375]","[824.6381225585938, 773.0388793945312]","[757.0964965820312, 773.0388793945312]","[757.0964965820312, 773.0388793945312]","[993.4922485351562, 840.5805053710938]","[982.2353515625, 896.865234375]","[1218.6309814453125, 739.26806640625]","[1218.6309814453125, 761.7819213867188]","[1398.7421875, 930.6360473632812]","[1421.256103515625, 964.4068603515625]"
"[561.8048706054688, 829.93212890625]","[539.5588989257812, 818.8092041015625]","[550.681884765625, 841.0550537109375]","[673.034423828125, 796.5632934570312]","[572.9277954101562, 907.7928466796875]","[695.2803344726562, 818.8092041015625]","[673.034423828125, 918.9158325195312]","[839.8788452148438, 729.8255615234375]","[817.6329345703125, 774.3173217773438]","[762.0181274414062, 763.1943969726562]","[762.0181274414062, 774.3173217773438]","[995.6002807617188, 841.0550537109375]","[984.477294921875, 896.669921875]","[1218.059326171875, 740.948486328125]","[1218.059326171875, 763.1943969726562]","[1418.272705078125, 907.7928466796875]","[1418.272705078125, 963.4075927734375]"
"[570.4545288085938, 820.4029541015625]","[536.9773559570312, 820.4029541015625]","[548.1364135742188, 842.7211303710938]","[670.8861694335938, 798.0848999023438]","[570.4545288085938, 909.675537109375]","[704.3633422851562, 820.4029541015625]","[670.8861694335938, 920.8345947265625]","[838.2721557617188, 731.1304931640625]","[815.9540405273438, 775.7667236328125]","[760.15869140625, 775.7667236328125]","[760.15869140625, 775.7667236328125]","[994.4991455078125, 831.5620727539062]","[983.3400268554688, 887.3573608398438]","[1217.680419921875, 742.28955078125]","[1217.680419921875, 764.607666015625]","[1407.384521484375, 898.5164794921875]","[1429.70263671875, 954.311767578125]"
"[558.7655639648438, 831.7567749023438]","[536.4259643554688, 820.5870361328125]","[547.5957641601562, 842.9265747070312]","[670.4630737304688, 798.2474975585938]","[569.9352416992188, 909.9451293945312]","[703.9723510742188, 820.5870361328125]","[670.4630737304688, 921.1148681640625]","[838.009521484375, 731.2289428710938]","[815.6699829101562, 775.907958984375]","[759.8211669921875, 764.7382202148438]","[759.8211669921875, 775.907958984375]","[994.3861083984375, 831.7567749023438]","[983.21630859375, 887.6055908203125]","[1217.78125, 742.3987426757812]","[1217.78125, 764.7382202148438]","[1418.8369140625, 887.6055908203125]","[1418.8369140625, 954.6241455078125]"
"[557.242919921875, 831.6168823242188]","[534.8438720703125, 820.4173583984375]","[546.0433959960938, 854.0159301757812]","[646.8389892578125, 809.2178955078125]","[568.4424438476562, 910.0134887695312]","[702.8366088867188, 820.4173583984375]","[669.238037109375, 921.2130126953125]","[837.2307739257812, 730.8212890625]","[826.03125, 764.4197998046875]","[758.8341674804688, 775.6193237304688]","[758.8341674804688, 775.6193237304688]","[994.0239868164062, 831.6168823242188]","[982.824462890625, 887.6144409179688]","[1229.213623046875, 742.0208129882812]","[1218.01416015625, 764.4197998046875]","[1419.6053466796875, 887.6144409179688]","[1419.6053466796875, 954.8115234375]"
"[563.3680419921875, 832.5238037109375]","[540.7296752929688, 821.2047119140625]","[540.7296752929688, 843.8429565429688]","[642.6021728515625, 809.8855590820312]","[574.6871948242188, 911.7579956054688]","[687.87890625, 809.8855590820312]","[676.5596923828125, 923.0771484375]","[835.028076171875, 730.6513061523438]","[823.7088623046875, 764.6088256835938]","[755.7938842773438, 775.9280395507812]","[767.113037109375, 775.9280395507812]","[993.4963989257812, 821.2047119140625]","[982.17724609375, 889.11962890625]","[1231.19873046875, 741.9705200195312]","[1219.879638671875, 764.6088256835938]","[1423.624755859375, 889.11962890625]","[1423.624755859375, 968.3538208007812]"
"[573.7549438476562, 827.5802612304688]","[542.4347534179688, 817.1401977539062]","[552.8748168945312, 848.46044921875]","[625.9552612304688, 817.1401977539062]","[573.7549438476562, 911.1007690429688]","[699.0357055664062, 817.1401977539062]","[678.1555786132812, 921.5408935546875]","[845.1966552734375, 723.1795654296875]","[824.3165893554688, 764.9398803710938]","[782.5563354492188, 775.3799438476562]","[761.6760864257812, 764.9398803710938]","[1001.7977294921875, 838.0203247070312]","[991.3576049804688, 890.220703125]","[1210.598876953125, 733.6196899414062]","[1210.598876953125, 754.4998168945312]","[1419.400390625, 942.4209594726562]","[1429.84033203125, 963.3011474609375]"
"[560.8135375976562, 832.1141967773438]","[538.0971069335938, 820.7559814453125]","[549.455322265625, 854.8306884765625]","[640.3212280273438, 809.397705078125]","[572.1718139648438, 911.6219482421875]","[697.1124877929688, 809.397705078125]","[674.39599609375, 922.9801025390625]","[844.7695922851562, 718.5318603515625]","[833.4113159179688, 763.9647827148438]","[765.2619018554688, 775.322998046875]","[765.2619018554688, 775.322998046875]","[992.4266357421875, 820.7559814453125]","[981.0684204101562, 888.9053955078125]","[1230.9495849609375, 741.248291015625]","[1219.59130859375, 763.9647827148438]","[1412.681396484375, 900.2636108398438]","[1424.0396728515625, 968.4130249023438]"
"[557.6914672851562, 831.1158447265625]","[546.4758911132812, 819.9003295898438]","[546.4758911132812, 853.546875]","[647.4158325195312, 797.46923828125]","[568.9070434570312, 909.6246337890625]","[692.2780151367188, 819.9003295898438]","[669.8468627929688, 920.8401489257812]","[849.2955932617188, 718.9603881835938]","[826.864501953125, 763.8225708007812]","[759.5712280273438, 775.0381469726562]","[759.5712280273438, 775.0381469726562]","[995.0975952148438, 831.1158447265625]","[983.882080078125, 887.1935424804688]","[1219.4083251953125, 741.3915405273438]","[1219.4083251953125, 763.8225708007812]","[1410.0726318359375, 920.8401489257812]","[1421.2880859375, 954.48681640625]"
"[551.8908081054688, 840.4140014648438]","[540.5551147460938, 817.74267578125]","[540.5551147460938, 851.7496948242188]","[597.2334594726562, 829.0783081054688]","[563.2264404296875, 908.4280395507812]","[699.2545776367188, 806.4069213867188]","[665.24755859375, 931.0994262695312]","[846.6183471679688, 727.0572509765625]","[835.28271484375, 761.0642700195312]","[755.9329833984375, 772.39990234375]","[755.9329833984375, 772.39990234375]","[993.982177734375, 829.0783081054688]","[971.3108520507812, 897.0924072265625]","[1220.6956787109375, 738.3929443359375]","[1220.6956787109375, 761.0642700195312]","[1413.402099609375, 919.7637939453125]","[1424.73779296875, 965.1064453125]"
"[553.7880859375, 841.365478515625]","[542.4913940429688, 818.7720947265625]","[542.4913940429688, 852.6622314453125]","[610.2716674804688, 818.7720947265625]","[565.0848388671875, 909.1458129882812]","[689.3487548828125, 807.475341796875]","[666.7553100585938, 931.7392578125]","[847.5028686523438, 728.3983154296875]","[836.2061157226562, 762.2884521484375]","[768.42578125, 773.585205078125]","[757.1290893554688, 773.585205078125]","[994.3601684570312, 830.0687866210938]","[971.7667846679688, 897.8490600585938]","[1220.29443359375, 739.695068359375]","[1220.29443359375, 762.2884521484375]","[1412.3387451171875, 920.4425048828125]","[1423.635498046875, 965.62939453125]"
"[555.0191040039062, 830.1669311523438]","[543.7300415039062, 818.8778686523438]","[543.7300415039062, 841.4561157226562]","[645.3319702148438, 807.5887451171875]","[566.3081665039062, 909.1907958984375]","[690.4884643554688, 818.8778686523438]","[667.9102172851562, 920.4798583984375]","[848.5359497070312, 728.5650024414062]","[825.9577026367188, 762.4323120117188]","[758.2230834960938, 773.721435546875]","[758.2230834960938, 773.721435546875]","[995.2943725585938, 830.1669311523438]","[972.7161254882812, 886.612548828125]","[1221.0765380859375, 739.8541259765625]","[1221.0765380859375, 762.4323120117188]","[1424.280517578125, 897.901611328125]","[1424.280517578125, 965.6362915039062]"
"[571.2544555664062, 828.639892578125]","[548.8683471679688, 817.4468383789062]","[548.8683471679688, 839.8330078125]","[671.991943359375, 795.060791015625]","[571.2544555664062, 906.9912719726562]","[694.3780517578125, 817.4468383789062]","[671.991943359375, 918.184326171875]","[851.080810546875, 727.9024658203125]","[828.6947021484375, 761.4816284179688]","[772.7294311523438, 772.6746826171875]","[761.536376953125, 772.6746826171875]","[996.5905151367188, 839.8330078125]","[974.2044067382812, 884.6051635742188]","[1220.4515380859375, 739.095458984375]","[1220.4515380859375, 761.4816284179688]","[1421.9263916015625, 906.9912719726562]","[1421.9263916015625, 962.9566040039062]"
"[568.2534790039062, 828.7188110351562]","[545.7645263671875, 817.4742431640625]","[545.7645263671875, 851.2076416015625]","[635.7201538085938, 806.2298583984375]","[568.2534790039062, 907.429931640625]","[703.1868286132812, 817.4742431640625]","[669.4534912109375, 918.6743774414062]","[849.3646850585938, 727.5186767578125]","[826.8757934570312, 761.2520751953125]","[759.4091186523438, 772.4965209960938]","[759.4091186523438, 772.4965209960938]","[995.5425415039062, 828.7188110351562]","[973.0536499023438, 884.9409790039062]","[1220.431396484375, 738.76318359375]","[1220.431396484375, 761.2520751953125]","[1422.83154296875, 907.429931640625]","[1422.83154296875, 963.6522216796875]"
"[567.5938110351562, 828.7894897460938]","[545.0773315429688, 817.5311889648438]","[545.0773315429688, 851.3059692382812]","[635.143310546875, 817.5311889648438]","[567.5938110351562, 907.59716796875]","[702.6928100585938, 817.5311889648438]","[668.9180297851562, 918.8554077148438]","[849.0499877929688, 727.4652709960938]","[826.5335083007812, 761.239990234375]","[758.9840087890625, 772.498291015625]","[758.9840087890625, 772.498291015625]","[995.4071655273438, 828.7894897460938]","[972.8906860351562, 885.0806884765625]","[1220.572021484375, 749.9817504882812]","[1220.572021484375, 761.239990234375]","[1423.220458984375, 907.59716796875]","[1423.220458984375, 963.888427734375]"
"[560.2794799804688, 839.3530883789062]","[537.5261840820312, 827.9764404296875]","[548.9028930664062, 862.1063842773438]","[594.4094848632812, 827.9764404296875]","[571.6561889648438, 907.613037109375]","[696.7993774414062, 816.5997924804688]","[674.0460815429688, 918.9896850585938]","[844.6959228515625, 725.5866088867188]","[833.3192749023438, 759.7164916992188]","[742.3060302734375, 782.4699096679688]","[742.3060302734375, 771.0932006835938]","[992.5924682617188, 827.9764404296875]","[981.2158203125, 896.2363891601562]","[1220.12548828125, 748.33984375]","[1220.12548828125, 771.0932006835938]","[1413.5286865234375, 918.9896850585938]","[1424.9053955078125, 964.496337890625]"
"[565.9107666015625, 819.0233764648438]","[543.4508666992188, 819.0233764648438]","[543.4508666992188, 841.4832763671875]","[655.7503051757812, 807.7933959960938]","[565.9107666015625, 908.8629150390625]","[700.6701049804688, 819.0233764648438]","[666.9802856445312, 920.0928344726562]","[835.429443359375, 729.183837890625]","[824.1995239257812, 762.8736572265625]","[756.81982421875, 774.1036376953125]","[756.81982421875, 774.1036376953125]","[981.418701171875, 841.4832763671875]","[970.1887817382812, 886.403076171875]","[1217.2474365234375, 740.4137573242188]","[1217.2474365234375, 762.8736572265625]","[1408.156494140625, 920.0928344726562]","[1419.386474609375, 953.7826538085938]"
"[565.4367065429688, 837.3579711914062]","[544.5421752929688, 816.46337890625]","[554.9894409179688, 858.2525024414062]","[638.5676879882812, 806.01611328125]","[575.8839721679688, 910.4889526367188]","[690.8041381835938, 816.46337890625]","[669.9095458984375, 920.9362182617188]","[837.0661010742188, 722.4378662109375]","[816.1715698242188, 774.67431640625]","[784.8297119140625, 774.67431640625]","[763.9351196289062, 774.67431640625]","[1004.22265625, 837.3579711914062]","[993.7753295898438, 900.0416870117188]","[1213.168212890625, 743.3324584960938]","[1213.168212890625, 764.2269897460938]","[1422.114013671875, 931.383544921875]","[1432.561279296875, 952.278076171875]"
"[561.3294067382812, 828.790283203125]","[538.7191162109375, 828.790283203125]","[550.0242309570312, 851.400634765625]","[629.1604614257812, 817.485107421875]","[561.3294067382812, 896.6212158203125]","[696.9915161132812, 817.485107421875]","[663.0759887695312, 919.2315673828125]","[843.9588012695312, 727.043701171875]","[821.3484497070312, 760.959228515625]","[753.5173950195312, 772.264404296875]","[742.2122192382812, 772.264404296875]","[990.9259643554688, 828.790283203125]","[979.6207885742188, 896.6212158203125]","[1217.0294189453125, 738.348876953125]","[1217.0294189453125, 760.959228515625]","[1409.21728515625, 919.2315673828125]","[1420.5224609375, 964.4522705078125]"
"[562.8566284179688, 829.733642578125]","[540.7244262695312, 818.6675415039062]","[551.7904663085938, 840.7998046875]","[662.4513549804688, 807.6014404296875]","[573.9226684570312, 907.1962890625]","[695.649658203125, 807.6014404296875]","[673.5174560546875, 918.2623901367188]","[839.5087890625, 730.1388549804688]","[806.310546875, 774.4031982421875]","[762.0462036132812, 763.337158203125]","[762.0462036132812, 774.4031982421875]","[983.367919921875, 840.7998046875]","[983.367919921875, 896.130126953125]","[1226.82177734375, 752.27099609375]","[1215.755615234375, 763.337158203125]","[1414.9453125, 907.1962890625]","[1426.011474609375, 951.4606323242188]"
"[564.8244018554688, 829.9010009765625]","[542.7935791015625, 818.8856201171875]","[553.8090209960938, 840.9164428710938]","[652.9478149414062, 807.8701782226562]","[575.83984375, 907.0089111328125]","[697.009521484375, 807.8701782226562]","[663.9631958007812, 929.039794921875]","[840.2100219726562, 730.76220703125]","[796.1483764648438, 785.8392944335938]","[763.10205078125, 763.8084716796875]","[763.10205078125, 763.8084716796875]","[983.4105224609375, 840.9164428710938]","[983.4105224609375, 895.9935302734375]","[1225.749755859375, 741.7776489257812]","[1225.749755859375, 763.8084716796875]","[1413.011962890625, 907.0089111328125]","[1435.042724609375, 951.0706787109375]"
"[563.1082763671875, 830.047119140625]","[541.0104370117188, 818.9982299804688]","[552.0593872070312, 841.0960693359375]","[651.49951171875, 807.9492797851562]","[574.1571655273438, 907.3895263671875]","[695.6951293945312, 807.9492797851562]","[673.5973510742188, 929.4872436523438]","[839.3309326171875, 730.6069946289062]","[806.1842041015625, 774.8026123046875]","[761.9885864257812, 763.7537231445312]","[761.9885864257812, 763.7537231445312]","[982.9666748046875, 841.0960693359375]","[982.9666748046875, 896.340576171875]","[1214.9935302734375, 741.6559448242188]","[1226.04248046875, 763.7537231445312]","[1413.873779296875, 907.3895263671875]","[1435.9716796875, 951.5851440429688]"
"[565.7662963867188, 828.568115234375]","[544.8853759765625, 818.127685546875]","[555.3258666992188, 849.4490356445312]","[638.8494262695312, 807.6871948242188]","[565.7662963867188, 901.6512451171875]","[701.4921264648438, 807.6871948242188]","[670.1707153320312, 922.5321044921875]","[837.2178955078125, 724.1636962890625]","[816.3369750976562, 776.3658447265625]","[785.0156860351562, 765.9254150390625]","[753.6942749023438, 776.3658447265625]","[1004.2650756835938, 839.0086059570312]","[993.8245849609375, 901.6512451171875]","[1213.073974609375, 734.6041259765625]","[1213.073974609375, 765.9254150390625]","[1421.8828125, 932.9725341796875]","[1432.3232421875, 953.853515625]"
"[564.510498046875, 829.6527709960938]","[542.5068359375, 818.6510009765625]","[553.5086669921875, 840.6546020507812]","[652.5252075195312, 807.649169921875]","[575.5123291015625, 906.6656494140625]","[696.5325927734375, 807.649169921875]","[674.5288696289062, 928.6693725585938]","[839.5564575195312, 730.63623046875]","[806.5509643554688, 763.6417846679688]","[762.5436401367188, 763.6417846679688]","[751.5418090820312, 774.6436157226562]","[982.5803833007812, 840.6546020507812]","[982.5803833007812, 895.6638793945312]","[1213.6190185546875, 741.6381225585938]","[1224.620849609375, 763.6417846679688]","[1422.6539306640625, 895.6638793945312]","[1433.6558837890625, 950.673095703125]"
"[572.6515502929688, 827.060546875]","[551.5849609375, 816.5272216796875]","[551.5849609375, 848.1271362304688]","[635.8514404296875, 805.9939575195312]","[562.1182861328125, 911.3270263671875]","[688.5180053710938, 816.5272216796875]","[667.4513549804688, 921.8603515625]","[835.9843139648438, 721.7274780273438]","[804.3843383789062, 774.39404296875]","[772.7844848632812, 763.8606567382812]","[751.7178344726562, 774.39404296875]","[1004.5172119140625, 837.5938110351562]","[993.9839477539062, 900.7937622070312]","[1215.183349609375, 732.2608032226562]","[1215.183349609375, 763.8606567382812]","[1425.849609375, 932.3936157226562]","[1436.3828125, 953.4602661132812]"
"[573.1998291015625, 827.5454711914062]","[552.1648559570312, 817.0280151367188]","[552.1648559570312, 848.5804443359375]","[636.3046264648438, 806.510498046875]","[562.6823120117188, 911.6852416992188]","[688.8919677734375, 817.0280151367188]","[667.8570556640625, 922.2026977539062]","[836.1365356445312, 722.3707885742188]","[815.1015625, 774.9581298828125]","[773.0316772460938, 764.440673828125]","[751.9967651367188, 774.9581298828125]","[1004.4159545898438, 838.06298828125]","[993.8985595703125, 901.167724609375]","[1214.7652587890625, 732.8882446289062]","[1214.7652587890625, 764.440673828125]","[1425.1146240234375, 932.72021484375]","[1425.1146240234375, 953.7550659179688]"
"[572.0693969726562, 817.7088623046875]","[538.8671264648438, 817.7088623046875]","[549.9345703125, 839.84375]","[649.5411987304688, 806.6414794921875]","[572.0693969726562, 906.2481079101562]","[693.8108520507812, 817.7088623046875]","[671.676025390625, 917.3154907226562]","[837.6871337890625, 729.169677734375]","[815.5523071289062, 762.371826171875]","[760.2152709960938, 762.371826171875]","[749.1478881835938, 773.4392700195312]","[992.6307983398438, 839.84375]","[981.5634155273438, 895.1807250976562]","[1213.9788818359375, 740.237060546875]","[1225.0462646484375, 762.371826171875]","[1424.2596435546875, 895.1807250976562]","[1435.3270263671875, 950.5177612304688]"
"[572.4144897460938, 828.0564575195312]","[551.3252563476562, 817.5118408203125]","[551.3252563476562, 849.145751953125]","[635.682373046875, 806.9672241210938]","[572.4144897460938, 901.8689575195312]","[688.4055786132812, 817.5118408203125]","[667.3162841796875, 922.958251953125]","[836.0305786132812, 722.610107421875]","[814.9412231445312, 775.333251953125]","[762.2180786132812, 764.7886352539062]","[751.6734008789062, 775.333251953125]","[1004.7447509765625, 838.60107421875]","[994.2001342773438, 891.3243408203125]","[1215.637451171875, 733.1547241210938]","[1215.637451171875, 764.7886352539062]","[1415.9857177734375, 922.958251953125]","[1426.5302734375, 954.5921020507812]"
"[575.09033203125, 827.4066772460938]","[543.673095703125, 816.9342651367188]","[554.1455078125, 848.3515014648438]","[637.9248657226562, 806.4618530273438]","[575.09033203125, 911.18603515625]","[700.7593994140625, 816.9342651367188]","[669.3421630859375, 921.658447265625]","[836.90087890625, 722.6824340820312]","[805.483642578125, 775.0445556640625]","[774.0663452148438, 764.5721435546875]","[763.5939331054688, 764.5721435546875]","[1004.4595947265625, 837.879150390625]","[993.9871826171875, 900.713623046875]","[1213.907958984375, 733.1549072265625]","[1213.907958984375, 764.5721435546875]","[1423.3563232421875, 932.130859375]","[1433.828857421875, 963.5481567382812]"
"[575.7744140625, 827.2613525390625]","[544.4622802734375, 816.823974609375]","[554.899658203125, 858.5734252929688]","[638.3986206054688, 806.3865966796875]","[575.7744140625, 910.7603149414062]","[690.5855102539062, 816.823974609375]","[669.7107543945312, 921.1976318359375]","[836.7086791992188, 722.8876342773438]","[805.3965454101562, 775.0745239257812]","[774.08447265625, 764.6370849609375]","[753.209716796875, 775.0745239257812]","[1003.7066040039062, 837.69873046875]","[993.269287109375, 900.3229370117188]","[1212.4539794921875, 733.3250122070312]","[1212.4539794921875, 764.6370849609375]","[1421.201416015625, 931.6350708007812]","[1431.6387939453125, 952.509765625]"
"[986.8607788085938, 558.2237548828125]","[968.1580200195312, 539.5209350585938]","[968.1580200195312, 539.5209350585938]","[1404.556396484375, 913.5768432617188]","[912.0496215820312, 558.2237548828125]","[924.5181274414062, 639.2692260742188]","[893.3468017578125, 676.6748046875]","[1049.203369140625, 770.1887817382812]","[1042.9691162109375, 788.8915405273438]","[1024.266357421875, 682.9089965820312]","[1018.0321655273438, 670.4404907226562]","[1049.203369140625, 820.0629272460938]","[1024.266357421875, 907.3425903320312]","[1236.2313232421875, 714.0803833007812]","[1248.6998291015625, 757.7201538085938]","[1398.322265625, 907.3425903320312]","[1417.0250244140625, 932.2796020507812]"
"[986.5942993164062, 558.6823120117188]","[967.892822265625, 539.9808959960938]","[967.892822265625, 539.9808959960938]","[1404.259521484375, 907.7756958007812]","[911.7885131835938, 558.6823120117188]","[924.2561645507812, 633.4880981445312]","[893.0870971679688, 677.1246948242188]","[1048.932373046875, 770.6318969726562]","[1048.932373046875, 789.3333129882812]","[1023.9971313476562, 683.3585815429688]","[1017.7633666992188, 670.8909301757812]","[1048.932373046875, 820.5023803710938]","[1023.9971313476562, 901.5419311523438]","[1235.9466552734375, 714.5276489257812]","[1254.6480712890625, 758.1642456054688]","[1404.259521484375, 907.7756958007812]","[1416.7271728515625, 932.7109985351562]"
"[974.75830078125, 556.3046875]","[968.4458618164062, 537.3672485351562]","[955.8208618164062, 543.6797485351562]","[1404.007080078125, 909.8037719726562]","[899.0084838867188, 562.6171875]","[917.9459838867188, 638.3670043945312]","[880.0711059570312, 676.2418823242188]","[1044.195556640625, 770.9291381835938]","[1037.883056640625, 789.8665161132812]","[1018.9457397460938, 682.5543823242188]","[1012.6332397460938, 669.9293823242188]","[1044.195556640625, 821.4288940429688]","[1025.258056640625, 903.4912719726562]","[1233.570068359375, 714.1167602539062]","[1246.195068359375, 758.3041381835938]","[1404.007080078125, 909.8037719726562]","[1416.632080078125, 935.0536499023438]"
"[964.3305053710938, 560.6377563476562]","[951.6043090820312, 535.1853637695312]","[938.8781127929688, 541.5484008789062]","[1403.3846435546875, 910.6084594726562]","[887.9732666015625, 567.0008544921875]","[913.4256591796875, 643.3580932617188]","[875.2470703125, 681.5367431640625]","[1040.687744140625, 770.6201782226562]","[1034.3245849609375, 789.70947265625]","[1008.8722534179688, 681.5367431640625]","[1002.5091552734375, 668.8104858398438]","[1047.05078125, 821.5250244140625]","[1021.5984497070312, 904.245361328125]","[1231.580810546875, 713.3522338867188]","[1250.670166015625, 757.8939819335938]","[1403.3846435546875, 916.9715576171875]","[1416.11083984375, 936.0608520507812]"
"[951.5604858398438, 563.2736206054688]","[945.0794067382812, 543.8304443359375]","[932.1172485351562, 550.3115234375]","[1405.23486328125, 893.807861328125]","[880.2687377929688, 569.7546997070312]","[899.7119750976562, 647.5274658203125]","[867.306640625, 686.4138793945312]","[1029.3331298828125, 764.1865844726562]","[1029.3331298828125, 790.1109008789062]","[1003.4089965820312, 686.4138793945312]","[996.9279174804688, 673.4517211914062]","[1048.7763671875, 816.0350952148438]","[1016.37109375, 900.2889404296875]","[1236.7271728515625, 718.8191528320312]","[1249.6893310546875, 757.7055053710938]","[1405.23486328125, 913.2510986328125]","[1418.1968994140625, 932.6942138671875]"
"[951.4287719726562, 562.990234375]","[944.9324340820312, 543.5011596679688]","[931.939697265625, 549.9974975585938]","[1406.174072265625, 894.3046264648438]","[879.9688110351562, 569.4866333007812]","[899.4578857421875, 647.4429321289062]","[860.4796752929688, 686.4210815429688]","[1029.385009765625, 764.3773803710938]","[1029.385009765625, 790.3628540039062]","[1003.399658203125, 686.4210815429688]","[996.9033203125, 673.4284057617188]","[1048.8741455078125, 816.3483276367188]","[1016.3923950195312, 900.8009643554688]","[1237.2685546875, 718.9028930664062]","[1250.2613525390625, 757.8810424804688]","[1399.677734375, 913.7937622070312]","[1412.67041015625, 933.2827758789062]"
"[939.8494262695312, 557.8074340820312]","[933.0896606445312, 537.5278930664062]","[919.5700073242188, 544.2877807617188]","[885.7708129882812, 551.0475463867188]","[872.2511596679688, 571.3270874023438]","[912.8101196289062, 645.6851196289062]","[858.7315063476562, 693.00390625]","[1027.72705078125, 753.8423461914062]","[1027.72705078125, 780.8816528320312]","[993.9280395507812, 686.2440795898438]","[987.1682739257812, 672.7244262695312]","[1048.006591796875, 814.6807861328125]","[1020.9673461914062, 895.7986450195312]","[1230.5218505859375, 713.2833862304688]","[1244.04150390625, 753.8423461914062]","[1406.27734375, 922.8379516601562]","[1419.7969970703125, 936.3576049804688]"
"[931.40771484375, 567.7222290039062]","[917.39453125, 560.7156372070312]","[910.3878784179688, 546.7024536132812]","[1421.869384765625, 911.0454711914062]","[861.3417358398438, 574.7288208007812]","[903.3812866210938, 644.7948608398438]","[847.3285522460938, 693.8410034179688]","[1022.4934692382812, 756.9003295898438]","[1022.4934692382812, 784.9266967773438]","[987.46044921875, 693.8410034179688]","[980.453857421875, 679.8278198242188]","[1050.519775390625, 819.9596557617188]","[1022.4934692382812, 890.0256958007812]","[1225.6846923828125, 714.8607788085938]","[1246.7044677734375, 756.9003295898438]","[1407.856201171875, 918.0520629882812]","[1428.8759765625, 946.0784301757812]"
"[931.2058715820312, 561.0570068359375]","[917.2252807617188, 561.0570068359375]","[910.2349243164062, 547.0763549804688]","[1420.5272216796875, 910.5723266601562]","[861.3027954101562, 575.0376586914062]","[903.24462890625, 644.9406127929688]","[847.3222045898438, 693.8728637695312]","[1022.079833984375, 756.7855834960938]","[1022.079833984375, 784.7467651367188]","[987.1282958984375, 686.8825073242188]","[980.1380004882812, 679.8921508789062]","[1050.041015625, 819.6983032226562]","[1022.079833984375, 889.6013793945312]","[1231.7889404296875, 714.8436889648438]","[1245.7696533203125, 756.7855834960938]","[1406.546630859375, 924.5529174804688]","[1420.5272216796875, 945.5238647460938]"
"[903.9432983398438, 566.0842895507812]","[888.9588623046875, 558.5921020507812]","[881.4666137695312, 558.5921020507812]","[1458.367431640625, 918.2186279296875]","[836.5133056640625, 581.0687866210938]","[881.4666137695312, 655.9909057617188]","[829.0211181640625, 708.4364624023438]","[1016.3265991210938, 760.8820190429688]","[1008.8343505859375, 783.3587036132812]","[971.3732299804688, 693.4519653320312]","[963.8810424804688, 685.9597778320312]","[1046.29541015625, 828.3119506835938]","[1023.8187866210938, 888.2496948242188]","[1226.108642578125, 715.9286499023438]","[1233.600830078125, 745.8975219726562]","[1443.3829345703125, 910.726318359375]","[1428.3984375, 940.6951904296875]"
"[894.3335571289062, 572.9003295898438]","[886.5816040039062, 557.3963012695312]","[871.0776977539062, 557.3963012695312]","[1413.71533203125, 929.4907836914062]","[824.5658569335938, 588.4042358398438]","[871.0776977539062, 665.9238891601562]","[824.5658569335938, 712.4357299804688]","[1018.3650512695312, 766.6994018554688]","[1002.8611450195312, 782.2033081054688]","[971.8532104492188, 696.9317016601562]","[956.3493041992188, 681.4277954101562]","[1049.372802734375, 820.9631958007812]","[1026.116943359375, 890.7308959960938]","[1227.6680908203125, 720.1876831054688]","[1235.4200439453125, 743.4435424804688]","[1460.22705078125, 921.7387084960938]","[1413.71533203125, 929.4907836914062]"
"[889.3017578125, 578.8347778320312]","[873.5567016601562, 555.2172241210938]","[865.6841430664062, 563.0897827148438]","[1416.7607421875, 933.0983276367188]","[810.5764770507812, 594.5798950195312]","[865.6841430664062, 665.4325561523438]","[818.4490356445312, 720.5402221679688]","[1007.3895874023438, 759.90283203125]","[999.5170288085938, 783.5203857421875]","[960.1544799804688, 696.9226684570312]","[952.2819213867188, 689.0501098632812]","[1046.752197265625, 822.8829956054688]","[1023.1346435546875, 893.7357177734375]","[1227.8201904296875, 720.5402221679688]","[1235.692626953125, 744.1577758789062]","[1448.250732421875, 933.0983276367188]","[1416.7607421875, 933.0983276367188]"
"[889.2819213867188, 578.5205688476562]","[873.5172729492188, 554.8736572265625]","[865.635009765625, 562.7559814453125]","[1417.3961181640625, 933.2243041992188]","[810.4588623046875, 594.2852172851562]","[865.635009765625, 665.2258911132812]","[818.3411865234375, 720.4020385742188]","[1007.5164794921875, 759.8135375976562]","[999.6341552734375, 783.4605102539062]","[960.22265625, 696.7550659179688]","[952.34033203125, 688.8728637695312]","[1046.927978515625, 822.8720092773438]","[1023.2810668945312, 893.8126831054688]","[1228.220947265625, 720.4020385742188]","[1228.220947265625, 744.0490112304688]","[1441.0430908203125, 933.2243041992188]","[1417.3961181640625, 933.2243041992188]"
"[873.4951171875, 584.6465454101562]","[857.3356323242188, 560.4074096679688]","[849.2559204101562, 568.4871215820312]","[1422.916015625, 940.1542358398438]","[800.7776489257812, 600.8059692382812]","[849.2559204101562, 673.5234985351562]","[808.8573608398438, 722.0017700195312]","[994.69091796875, 762.4004516601562]","[986.6112060546875, 778.5598754882812]","[954.2922973632812, 697.7626342773438]","[938.1328735351562, 689.6829223632812]","[1043.169189453125, 818.9584350585938]","[1018.9300537109375, 891.6759643554688]","[1220.923095703125, 722.0017700195312]","[1229.002685546875, 746.2409057617188]","[1439.075439453125, 923.9948120117188]","[1414.8363037109375, 932.0745239257812]"
"[864.1714477539062, 590.3743286132812]","[848.0133056640625, 566.1371459960938]","[839.9342651367188, 574.2161865234375]","[1413.5477294921875, 937.7740478515625]","[791.4598388671875, 606.532470703125]","[848.0133056640625, 679.2440185546875]","[799.5388793945312, 727.7184448242188]","[1001.5155639648438, 760.0347290039062]","[985.357421875, 784.2718505859375]","[936.8829956054688, 695.4021606445312]","[928.803955078125, 687.3230590820312]","[1041.9107666015625, 824.6671752929688]","[1009.5946044921875, 897.3787841796875]","[1219.650146484375, 719.6393432617188]","[1227.729248046875, 743.8765258789062]","[1413.5477294921875, 937.7740478515625]","[1421.6268310546875, 937.7740478515625]"
"[863.7344970703125, 589.4884643554688]","[847.542724609375, 565.2008666992188]","[839.4468383789062, 573.2966918945312]","[1422.3504638671875, 937.6114501953125]","[790.8715209960938, 613.7760620117188]","[847.542724609375, 678.5431518554688]","[798.9674072265625, 727.1184692382812]","[1001.3645629882812, 767.5979614257812]","[985.1727905273438, 783.7897338867188]","[936.5974731445312, 694.7349243164062]","[928.5015869140625, 686.6390991210938]","[1041.843994140625, 824.2691040039062]","[1009.46044921875, 897.1320190429688]","[1219.953369140625, 727.1184692382812]","[1228.04931640625, 743.3102416992188]","[1414.254638671875, 937.6114501953125]","[1422.3504638671875, 937.6114501953125]"
"[855.9598999023438, 593.3218383789062]","[840.603759765625, 570.2876586914062]","[832.9257202148438, 577.9656372070312]","[1408.780029296875, 938.8342895507812]","[779.1793212890625, 616.3558959960938]","[848.2817993164062, 677.7803344726562]","[794.5354614257812, 739.2048950195312]","[994.1649169921875, 762.2390747070312]","[978.8087768554688, 785.2732543945312]","[940.4185180664062, 708.4926147460938]","[925.0624389648438, 685.4584350585938]","[1032.55517578125, 823.6635131835938]","[1009.5210571289062, 900.4440307617188]","[1232.1845703125, 716.1707153320312]","[1232.1845703125, 739.2048950195312]","[1416.4580078125, 915.8001098632812]","[1416.4580078125, 938.8342895507812]"
"[831.1361694335938, 602.7279663085938]","[815.1708374023438, 586.7626342773438]","[807.1881713867188, 594.7453002929688]","[1413.86962890625, 953.9646606445312]","[759.292236328125, 634.6586303710938]","[831.1361694335938, 690.5371704101562]","[783.2401733398438, 754.3983764648438]","[982.8065795898438, 762.3810424804688]","[974.8239135742188, 786.3290405273438]","[918.9453735351562, 698.5198364257812]","[902.9800415039062, 690.5371704101562]","[1030.702392578125, 826.2422485351562]","[998.7719116210938, 898.0861206054688]","[1230.268798828125, 722.4678344726562]","[1230.268798828125, 746.4157104492188]","[1413.86962890625, 922.0341186523438]","[1413.86962890625, 937.9994506835938]"
"[831.6904907226562, 603.9140014648438]","[815.733154296875, 587.9566040039062]","[807.7544555664062, 595.9352416992188]","[775.8397827148438, 651.7860717773438]","[759.8824462890625, 635.8286743164062]","[831.6904907226562, 683.7007446289062]","[783.8184814453125, 755.5088500976562]","[983.285400390625, 763.4874877929688]","[975.3067016601562, 787.4235229492188]","[919.4559936523438, 699.6581420898438]","[903.4985961914062, 691.6793823242188]","[1031.157470703125, 827.3169555664062]","[1007.221435546875, 899.1250610351562]","[1230.624267578125, 723.5941772460938]","[1230.624267578125, 747.5302124023438]","[1406.1552734375, 923.0610961914062]","[1414.1337890625, 939.0183715820312]"
"[824.5758056640625, 606.0963745117188]","[807.9173583984375, 589.4379272460938]","[799.588134765625, 597.7671508789062]","[1424.279541015625, 964.2528076171875]","[749.6128540039062, 639.4132080078125]","[816.24658203125, 697.7177734375]","[774.6004638671875, 756.0223388671875]","[974.5017700195312, 764.3515625]","[966.1725463867188, 789.3392333984375]","[916.1972045898438, 714.376220703125]","[899.5387573242188, 697.7177734375]","[1024.47705078125, 822.6560668945312]","[999.4894409179688, 905.9482421875]","[1224.3782958984375, 722.7054443359375]","[1232.70751953125, 756.0223388671875]","[1407.62109375, 939.2651977539062]","[1424.279541015625, 939.2651977539062]"
"[815.13720703125, 616.0699462890625]","[798.5111694335938, 591.130859375]","[790.1980590820312, 599.4439086914062]","[1421.9886474609375, 973.5304565429688]","[740.3198852539062, 641.0090942382812]","[806.8241577148438, 707.5133666992188]","[773.572021484375, 765.70458984375]","[973.0848999023438, 765.70458984375]","[964.7717895507812, 790.6436767578125]","[906.5806274414062, 715.826416015625]","[889.9545288085938, 699.2003173828125]","[1022.9630737304688, 823.8958740234375]","[998.0239868164062, 907.0261840820312]","[1222.475830078125, 724.139404296875]","[1230.788818359375, 757.3915405273438]","[1405.362548828125, 940.2783203125]","[1421.9886474609375, 931.9652099609375]"
"[804.7955932617188, 621.6481323242188]","[787.67578125, 604.5283813476562]","[779.1159057617188, 604.5283813476562]","[1386.8681640625, 938.3641357421875]","[736.3164672851562, 655.8876953125]","[779.1159057617188, 724.3668212890625]","[770.5560302734375, 767.1663208007812]","[958.8736572265625, 758.6063842773438]","[958.8736572265625, 792.8460083007812]","[898.9544067382812, 715.8069458007812]","[890.39453125, 707.2470703125]","[1018.7929077148438, 827.0855712890625]","[1001.673095703125, 904.1246337890625]","[1224.230224609375, 724.3668212890625]","[1232.7900390625, 758.6063842773438]","[1412.5478515625, 921.2443237304688]","[1421.107666015625, 938.3641357421875]"
"[804.6095581054688, 621.539306640625]","[796.0385131835938, 604.39697265625]","[778.8961791992188, 604.39697265625]","[1387.447021484375, 930.1002197265625]","[736.0404663085938, 655.8237915039062]","[778.8961791992188, 724.3929443359375]","[770.3250122070312, 767.2485961914062]","[958.8900756835938, 758.677490234375]","[958.8900756835938, 784.390869140625]","[907.4633178710938, 724.3929443359375]","[890.3209838867188, 707.2506713867188]","[1018.8880615234375, 827.24658203125]","[1001.7457885742188, 904.3868408203125]","[1224.5953369140625, 724.3929443359375]","[1233.16650390625, 758.677490234375]","[1413.160400390625, 921.5291137695312]","[1421.7314453125, 930.1002197265625]"
"[788.1688842773438, 620.9312133789062]","[779.4573364257812, 603.5081176757812]","[762.0342407226562, 612.2196655273438]","[1389.265380859375, 934.5468139648438]","[718.4765014648438, 664.4889526367188]","[770.7457885742188, 734.1812133789062]","[762.0342407226562, 769.0274047851562]","[953.688232421875, 751.6043090820312]","[953.688232421875, 786.4505004882812]","[901.4189453125, 725.4697875976562]","[883.995849609375, 708.0466918945312]","[1014.6690063476562, 830.0082397460938]","[1005.95751953125, 899.7006225585938]","[1223.74609375, 725.4697875976562]","[1223.74609375, 751.6043090820312]","[1415.4000244140625, 917.1237182617188]","[1415.4000244140625, 934.5468139648438]"
"[781.724609375, 630.6519165039062]","[772.65234375, 612.5073852539062]","[754.5078735351562, 621.5796508789062]","[926.8805541992188, 757.6633911132812]","[700.0744018554688, 666.9408569335938]","[772.65234375, 739.5188598632812]","[763.5801391601562, 784.8800659179688]","[935.9528198242188, 748.5911254882812]","[945.0250244140625, 784.8800659179688]","[890.591552734375, 730.4465942382812]","[872.4470825195312, 712.3021850585938]","[1017.60302734375, 848.3858032226562]","[1008.53076171875, 902.8192749023438]","[1217.1923828125, 721.3743286132812]","[1226.2646484375, 748.5911254882812]","[1416.78173828125, 920.9638061523438]","[1416.78173828125, 939.1083374023438]"
"[781.9310302734375, 630.3863525390625]","[772.8402709960938, 621.295654296875]","[754.6589965820312, 621.295654296875]","[927.3819580078125, 757.6558837890625]","[700.1148071289062, 666.7490844726562]","[772.8402709960938, 739.4745483398438]","[763.7496337890625, 784.927978515625]","[936.4725952148438, 748.5652465820312]","[945.5632934570312, 784.927978515625]","[881.9285278320312, 730.3839111328125]","[872.8378295898438, 712.2025146484375]","[1018.288818359375, 857.6534423828125]","[1000.107421875, 912.1975708007812]","[1218.28369140625, 721.2931518554688]","[1227.37451171875, 748.5652465820312]","[1418.27880859375, 921.2882080078125]","[1418.27880859375, 939.4695434570312]"
"[766.3286743164062, 638.340087890625]","[757.1174926757812, 619.917724609375]","[738.6951293945312, 629.12890625]","[922.9185180664062, 758.0852661132812]","[692.6392822265625, 675.1847534179688]","[784.7510375976562, 721.2406005859375]","[757.1174926757812, 794.929931640625]","[941.3408813476562, 739.6629638671875]","[941.3408813476562, 785.7188110351562]","[886.0739135742188, 730.4517822265625]","[867.6515502929688, 712.0294189453125]","[1015.0302124023438, 850.1969604492188]","[1005.8190307617188, 905.4639892578125]","[1217.6759033203125, 730.4517822265625]","[1226.8870849609375, 758.0852661132812]","[1411.1104736328125, 923.8863525390625]","[1420.3216552734375, 942.3087158203125]"
"[756.5745239257812, 636.33251953125]","[747.1864624023438, 626.9445190429688]","[728.4104614257812, 636.33251953125]","[1394.9603271484375, 964.9134521484375]","[681.4702758789062, 683.2726440429688]","[794.1266479492188, 720.8247680664062]","[747.1864624023438, 805.3170166015625]","[934.9470825195312, 739.600830078125]","[934.9470825195312, 786.5409545898438]","[869.2308349609375, 730.2128295898438]","[859.8428344726562, 720.8247680664062]","[1010.0513305664062, 842.869140625]","[1000.6632690429688, 899.1973266601562]","[1216.5877685546875, 730.2128295898438]","[1225.975830078125, 748.9888305664062]","[1413.736328125, 927.3613891601562]","[1423.12451171875, 946.1375122070312]"
"[751.3223876953125, 646.3626098632812]","[732.5161743164062, 636.9595336914062]","[723.1130981445312, 646.3626098632812]","[911.1749877929688, 759.1997680664062]","[685.500732421875, 702.7811889648438]","[779.5316772460938, 740.3936157226562]","[751.3223876953125, 806.2152709960938]","[958.1904296875, 730.9905395507812]","[939.38427734375, 778.0059204101562]","[873.5625610351562, 730.9905395507812]","[854.7564086914062, 721.5873413085938]","[1005.2058715820312, 853.2307739257812]","[1005.2058715820312, 900.2461547851562]","[1221.47705078125, 730.9905395507812]","[1230.880126953125, 749.7966918945312]","[1409.538818359375, 919.0523071289062]","[1418.94189453125, 937.8585815429688]"
"[751.6370849609375, 637.1788940429688]","[732.8501586914062, 637.1788940429688]","[723.4567260742188, 646.5723266601562]","[911.3261108398438, 759.2940063476562]","[685.8828125, 702.9331665039062]","[770.424072265625, 740.5070190429688]","[761.0305786132812, 806.2612915039062]","[958.29345703125, 731.1135864257812]","[939.5065307617188, 778.0808715820312]","[873.752197265625, 731.1135864257812]","[854.9652709960938, 721.7200317382812]","[1005.2608032226562, 843.8352661132812]","[1005.2608032226562, 900.1961059570312]","[1221.310546875, 731.1135864257812]","[1230.7041015625, 749.9004516601562]","[1409.179931640625, 918.9829711914062]","[1418.573486328125, 937.7698364257812]"
"[740.7868041992188, 655.0883178710938]","[731.2453002929688, 645.5468139648438]","[712.1624145507812, 664.6298217773438]","[893.4501342773438, 769.5857543945312]","[673.99658203125, 712.3370971679688]","[769.4111938476562, 731.4199829101562]","[750.3282470703125, 817.2930297851562]","[950.6988525390625, 721.8784790039062]","[931.6159057617188, 779.1272583007812]","[874.3671875, 740.9614868164062]","[855.2842407226562, 731.4199829101562]","[1007.9475708007812, 845.9175415039062]","[1007.9475708007812, 903.1661987304688]","[1217.859619140625, 731.4199829101562]","[1236.9423828125, 750.5028686523438]","[1408.688720703125, 922.2490844726562]","[1408.688720703125, 941.3320922851562]"
"[739.3512573242188, 654.8043823242188]","[729.75, 645.2030639648438]","[710.5474853515625, 664.4055786132812]","[892.9714965820312, 770.0194702148438]","[672.1424560546875, 712.4119262695312]","[777.75634765625, 722.0132446289062]","[748.9525756835938, 818.0258178710938]","[950.5791015625, 731.6144409179688]","[921.7753295898438, 779.6207885742188]","[873.7689819335938, 741.2157592773438]","[854.5664672851562, 731.6144409179688]","[1008.1866455078125, 846.8296508789062]","[1008.1866455078125, 894.8359985351562]","[1219.4144287109375, 731.6144409179688]","[1229.015625, 750.8169555664062]","[1411.439697265625, 923.6398315429688]","[1411.439697265625, 942.8422241210938]"
"[731.0950317382812, 655.1045532226562]","[731.0950317382812, 645.5170288085938]","[711.9201049804688, 664.6919555664062]","[894.0820922851562, 770.1542358398438]","[673.5701293945312, 712.6293334960938]","[779.0324096679688, 722.2168579101562]","[750.2699584960938, 818.0916137695312]","[951.60693359375, 731.8042602539062]","[922.8445434570312, 779.7416381835938]","[874.9071655273438, 741.3917846679688]","[855.732177734375, 731.8042602539062]","[1009.1317749023438, 837.2665405273438]","[1009.1317749023438, 894.7914428710938]","[1220.05615234375, 731.8042602539062]","[1239.231201171875, 750.9791870117188]","[1411.8056640625, 923.5537719726562]","[1411.8056640625, 942.7288208007812]"
"[718.374267578125, 656.1864013671875]","[708.580322265625, 656.1864013671875]","[688.992431640625, 656.1864013671875]","[1413.7437744140625, 901.0347900390625]","[659.6106567382812, 734.5379028320312]","[767.3439331054688, 734.5379028320312]","[757.5499877929688, 822.683349609375]","[914.2530517578125, 744.3318481445312]","[924.0469360351562, 783.507568359375]","[855.4893798828125, 744.3318481445312]","[835.9015502929688, 734.5379028320312]","[1002.3984375, 842.2711791992188]","[992.6044921875, 891.2408447265625]","[1208.071044921875, 734.5379028320312]","[1227.658935546875, 754.1257934570312]","[1413.7437744140625, 930.4166259765625]","[1413.7437744140625, 940.2105712890625]"
"[716.8663940429688, 668.2084350585938]","[707.0822143554688, 658.4242553710938]","[687.513916015625, 668.2084350585938]","[1411.5419921875, 903.0283813476562]","[658.1614379882812, 726.9133911132812]","[765.7872924804688, 736.6975708007812]","[746.2189331054688, 834.5391845703125]","[922.3338623046875, 746.4817504882812]","[922.3338623046875, 785.618408203125]","[853.8446655273438, 746.4817504882812]","[834.2764282226562, 736.6975708007812]","[1010.391357421875, 844.3233642578125]","[990.822998046875, 893.2442016601562]","[1215.858642578125, 736.6975708007812]","[1225.642822265625, 756.2659301757812]","[1421.326171875, 932.3807983398438]","[1431.1102294921875, 951.9491577148438]"
"[715.8358764648438, 671.9854125976562]","[706.0267944335938, 662.1763305664062]","[686.4085693359375, 671.9854125976562]","[1412.28125, 907.4036254882812]","[656.9812622070312, 740.6490478515625]","[764.8812866210938, 740.6490478515625]","[745.2631225585938, 838.7399291992188]","[912.0176391601562, 760.2672119140625]","[921.8267211914062, 789.6944580078125]","[843.3540649414062, 750.4581298828125]","[823.73583984375, 740.6490478515625]","[1000.2994995117188, 838.7399291992188]","[990.4903564453125, 887.7853393554688]","[1216.099365234375, 730.8399658203125]","[1225.908447265625, 750.4581298828125]","[1422.09033203125, 936.8308715820312]","[1422.09033203125, 946.6399536132812]"
"[716.1332397460938, 671.9445190429688]","[706.331787109375, 662.14306640625]","[686.7288818359375, 671.9445190429688]","[1412.036376953125, 907.1793212890625]","[657.3245239257812, 740.5546875]","[765.1405029296875, 740.5546875]","[745.53759765625, 838.5691528320312]","[912.1622924804688, 760.1575317382812]","[921.9637451171875, 789.5619506835938]","[843.5521240234375, 750.3561401367188]","[823.94921875, 740.5546875]","[1000.3753051757812, 838.5691528320312]","[990.5739135742188, 887.5764770507812]","[1216.00732421875, 730.753173828125]","[1225.8087158203125, 750.3561401367188]","[1421.8377685546875, 936.583740234375]","[1421.8377685546875, 946.3851928710938]"
"[711.3760375976562, 673.6292724609375]","[701.4928588867188, 673.6292724609375]","[681.7264404296875, 683.512451171875]","[1413.083740234375, 910.8262939453125]","[652.0767822265625, 742.8116455078125]","[750.9088745117188, 752.6948852539062]","[741.0256958007812, 841.6437377929688]","[909.0402221679688, 762.578125]","[918.9234619140625, 792.2277221679688]","[839.8577880859375, 752.6948852539062]","[820.0913696289062, 742.8116455078125]","[1007.8723754882812, 841.6437377929688]","[988.1058959960938, 891.0598754882812]","[1215.419677734375, 732.928466796875]","[1225.3028564453125, 752.6948852539062]","[1413.083740234375, 930.5926513671875]","[1422.967041015625, 950.3590698242188]"
"[703.8323364257812, 686.2855224609375]","[693.8306884765625, 676.2838745117188]","[673.827392578125, 686.2855224609375]","[1413.94970703125, 916.3236083984375]","[643.8224487304688, 756.297119140625]","[753.8406372070312, 766.2987670898438]","[733.8373413085938, 856.3135986328125]","[903.865478515625, 776.3004150390625]","[913.8671264648438, 796.3037109375]","[833.8538818359375, 756.297119140625]","[813.8505859375, 746.2954711914062]","[1003.8819580078125, 846.31201171875]","[993.88037109375, 896.3202514648438]","[1213.916748046875, 736.2938232421875]","[1223.9183349609375, 756.297119140625]","[1403.947998046875, 916.3236083984375]","[1423.951416015625, 946.3285522460938]"
"[704.1857299804688, 686.2933349609375]","[694.185791015625, 676.2933959960938]","[674.1859741210938, 686.2933349609375]","[1414.18017578125, 916.2916259765625]","[644.1861572265625, 756.2927856445312]","[754.1853637695312, 766.292724609375]","[734.1854858398438, 856.2919921875]","[904.1841430664062, 776.2926025390625]","[914.1841430664062, 796.29248046875]","[834.1847534179688, 756.2927856445312]","[814.1848754882812, 746.2928466796875]","[1004.1834716796875, 846.2921142578125]","[994.1834716796875, 896.2916870117188]","[1214.1817626953125, 736.29296875]","[1224.181640625, 756.2927856445312]","[1404.1802978515625, 916.2916259765625]","[1424.18017578125, 946.2913208007812]"
"[699.454833984375, 697.1983032226562]","[689.3435668945312, 687.0870361328125]","[669.1211547851562, 697.1983032226562]","[1417.3515625, 919.6452026367188]","[638.7875366210938, 757.8656005859375]","[750.0109252929688, 767.9768676757812]","[729.7885131835938, 858.9778442382812]","[911.7905883789062, 767.9768676757812]","[911.7905883789062, 798.3104858398438]","[830.9006958007812, 757.8656005859375]","[800.5670776367188, 747.75439453125]","[1002.7915649414062, 848.8665771484375]","[992.6802368164062, 899.4227294921875]","[1205.015869140625, 737.6431274414062]","[1225.23828125, 757.8656005859375]","[1417.3515625, 919.6452026367188]","[1417.3515625, 939.8675537109375]"
"[677.2254028320312, 707.7914428710938]","[667.1650390625, 697.7310791015625]","[657.1046752929688, 717.851806640625]","[1411.633056640625, 929.1197509765625]","[626.9235229492188, 778.214111328125]","[747.6480712890625, 768.1537475585938]","[727.5272827148438, 868.757568359375]","[908.6141357421875, 768.1537475585938]","[898.5537719726562, 808.395263671875]","[828.131103515625, 768.1537475585938]","[797.949951171875, 758.0933227539062]","[999.1575317382812, 848.63671875]","[989.09716796875, 898.938720703125]","[1210.4254150390625, 727.9121704101562]","[1220.48583984375, 758.0933227539062]","[1431.7537841796875, 908.9990234375]","[1421.693359375, 939.18017578125]"
"[685.9512939453125, 707.3142700195312]","[675.8788452148438, 697.2417602539062]","[655.7338256835938, 717.38671875]","[1411.170654296875, 928.9090576171875]","[625.516357421875, 777.8216552734375]","[746.3862915039062, 767.7491455078125]","[726.2412719726562, 868.4740600585938]","[907.546142578125, 767.7491455078125]","[897.4735717773438, 808.0391845703125]","[826.9661865234375, 767.7491455078125]","[796.7487182617188, 757.6766967773438]","[1008.27099609375, 848.3291015625]","[988.1260375976562, 898.6915283203125]","[1219.793212890625, 737.53173828125]","[1219.793212890625, 757.6766967773438]","[1431.3154296875, 918.8365478515625]","[1421.2431640625, 938.9815063476562]"
"[679.5309448242188, 720.1026000976562]","[669.3580322265625, 709.9296875]","[649.0122680664062, 730.2755126953125]","[1411.9794921875, 933.7333984375]","[628.6664428710938, 791.3128662109375]","[740.568359375, 770.9671020507812]","[720.2225341796875, 872.696044921875]","[903.3346557617188, 760.794189453125]","[893.1618041992188, 801.4857788085938]","[821.9515380859375, 760.794189453125]","[791.4328002929688, 760.794189453125]","[1015.2365112304688, 842.1773681640625]","[994.8908081054688, 903.2147827148438]","[1218.6944580078125, 740.4484252929688]","[1218.6944580078125, 760.794189453125]","[1432.3253173828125, 913.3876342773438]","[1422.15234375, 943.9063720703125]"
"[671.1436157226562, 731.196044921875]","[660.8112182617188, 720.8636474609375]","[640.1465454101562, 741.5283813476562]","[1404.74072265625, 937.8430786132812]","[619.4818115234375, 803.5225219726562]","[733.1377563476562, 782.8577880859375]","[722.8053588867188, 886.1813354492188]","[888.1229858398438, 751.8607177734375]","[888.1229858398438, 803.5225219726562]","[826.12890625, 772.5254516601562]","[784.7994995117188, 762.1930541992188]","[1012.1112060546875, 844.8519287109375]","[991.446533203125, 896.513671875]","[1218.75830078125, 731.196044921875]","[1229.090576171875, 762.1930541992188]","[1425.4052734375, 917.1784057617188]","[1425.4052734375, 948.1754760742188]"
"[663.6572875976562, 744.2767333984375]","[652.958740234375, 722.8796997070312]","[631.5617065429688, 744.2767333984375]","[1412.553466796875, 936.8500366210938]","[610.1646728515625, 797.769287109375]","[717.1498413085938, 797.769287109375]","[717.1498413085938, 883.357421875]","[877.6275634765625, 754.9752807617188]","[877.6275634765625, 787.07080078125]","[824.135009765625, 776.3722534179688]","[781.3409423828125, 765.6737670898438]","[1006.0098266601562, 829.8648681640625]","[984.6127319335938, 894.0559692382812]","[1219.97998046875, 733.5782470703125]","[1219.97998046875, 754.9752807617188]","[1455.347412109375, 861.9603881835938]","[1423.251953125, 947.5485229492188]"
"[663.6066284179688, 743.9957275390625]","[652.9022216796875, 722.5868530273438]","[631.4933471679688, 743.9957275390625]","[1412.916259765625, 936.6753540039062]","[610.0845336914062, 797.517822265625]","[727.8331909179688, 786.8133544921875]","[717.1287841796875, 883.1531982421875]","[877.6951293945312, 754.7001342773438]","[877.6951293945312, 797.517822265625]","[824.1730346679688, 776.1090087890625]","[781.3552856445312, 765.404541015625]","[1006.148193359375, 829.631103515625]","[984.7393188476562, 893.8575439453125]","[1220.236572265625, 733.291259765625]","[1220.236572265625, 754.7001342773438]","[1455.73388671875, 851.0399169921875]","[1423.62060546875, 947.3797607421875]"
"[641.7332763671875, 753.5442504882812]","[619.8145141601562, 742.5848388671875]","[608.8551635742188, 764.5036010742188]","[1419.8485107421875, 939.853515625]","[608.8551635742188, 830.2598876953125]","[729.4082641601562, 797.3817138671875]","[707.489501953125, 896.0159912109375]","[871.8800659179688, 753.5442504882812]","[871.8800659179688, 786.4223022460938]","[817.083251953125, 786.4223022460938]","[773.2457275390625, 764.5036010742188]","[1014.3518676757812, 841.2191162109375]","[992.4331665039062, 896.0159912109375]","[1222.579833984375, 742.5848388671875]","[1233.5391845703125, 775.4630126953125]","[1452.7265625, 874.0972900390625]","[1430.807861328125, 950.8128662109375]"
"[634.2969360351562, 762.93017578125]","[611.9791870117188, 751.7713012695312]","[600.8202514648438, 774.0890502929688]","[1437.7373046875, 952.6314086914062]","[600.8202514648438, 841.0424194335938]","[723.568115234375, 807.5657958984375]","[712.4092407226562, 896.8368530273438]","[868.6337280273438, 751.7713012695312]","[857.474853515625, 785.2479858398438]","[812.8392944335938, 785.2479858398438]","[812.8392944335938, 774.0890502929688]","[1024.858154296875, 829.883544921875]","[980.22265625, 896.8368530273438]","[1225.71826171875, 740.6124267578125]","[1225.71826171875, 762.93017578125]","[1415.41943359375, 919.1547241210938]","[1426.578369140625, 952.6314086914062]"
"[635.1593627929688, 763.3323974609375]","[612.885498046875, 752.1954345703125]","[601.7485961914062, 774.4693603515625]","[1437.02001953125, 941.523681640625]","[601.7485961914062, 841.291015625]","[724.2550659179688, 807.8801879882812]","[713.1181030273438, 896.975830078125]","[869.035400390625, 752.1954345703125]","[857.8984375, 785.6062622070312]","[813.3506469726562, 785.6062622070312]","[802.2136840820312, 774.4693603515625]","[1024.95263671875, 830.1541137695312]","[980.4049072265625, 896.975830078125]","[1225.417724609375, 741.0584716796875]","[1225.417724609375, 763.3323974609375]","[1414.74609375, 919.249755859375]","[1425.8828125, 952.6605834960938]"
"[629.7760620117188, 772.3758544921875]","[596.0139770507812, 761.121826171875]","[596.0139770507812, 783.6298217773438]","[1440.06591796875, 941.186279296875]","[596.0139770507812, 851.154052734375]","[708.5542602539062, 806.137939453125]","[708.5542602539062, 907.4241943359375]","[854.8566284179688, 738.61376953125]","[854.8566284179688, 783.6298217773438]","[809.8405151367188, 783.6298217773438]","[798.5864868164062, 772.3758544921875]","[1012.4130249023438, 839.9000244140625]","[978.6509399414062, 896.170166015625]","[1226.2393798828125, 749.8677978515625]","[1226.2393798828125, 761.121826171875]","[1428.811767578125, 907.4241943359375]","[1428.811767578125, 963.6942749023438]"
"[620.2687377929688, 772.7150268554688]","[586.6103515625, 761.4955444335938]","[586.6103515625, 795.154052734375]","[1439.290771484375, 952.2267456054688]","[597.829833984375, 851.2514038085938]","[710.0245971679688, 806.3734741210938]","[710.0245971679688, 896.1293334960938]","[855.8778686523438, 739.0565795898438]","[855.8778686523438, 772.7150268554688]","[799.7804565429688, 783.9345092773438]","[788.5609741210938, 772.7150268554688]","[1024.169921875, 840.0319213867188]","[979.2921142578125, 896.1293334960938]","[1226.12060546875, 750.2760620117188]","[1214.901123046875, 761.4955444335938]","[1428.0711669921875, 907.3488159179688]","[1428.0711669921875, 952.2267456054688]"
"[607.6441040039062, 775.830810546875]","[575.8317260742188, 775.830810546875]","[586.4358520507812, 797.0390625]","[724.289306640625, 818.247314453125]","[597.0399780273438, 860.6636962890625]","[713.6852416992188, 818.247314453125]","[703.0811157226562, 903.0802001953125]","[862.1427612304688, 733.4143676757812]","[851.5386352539062, 765.2267456054688]","[798.5181274414062, 786.4349365234375]","[766.7057495117188, 775.830810546875]","[1010.6002807617188, 839.4555053710938]","[989.3920288085938, 881.8718872070312]","[1222.6824951171875, 733.4143676757812]","[1212.078369140625, 754.62255859375]","[1413.556396484375, 924.2883911132812]","[1424.1605224609375, 945.49658203125]"
"[607.8082275390625, 776.0828857421875]","[576.06494140625, 776.0828857421875]","[586.6460571289062, 797.2451171875]","[1369.6470947265625, 934.7993774414062]","[597.2271118164062, 860.731689453125]","[713.6192016601562, 818.4072875976562]","[703.0381469726562, 903.0560913085938]","[861.7545776367188, 733.758544921875]","[851.1734619140625, 765.5018310546875]","[798.2680053710938, 786.6640014648438]","[766.5247192382812, 776.0828857421875]","[1009.8899536132812, 839.5694580078125]","[988.7277221679688, 892.4749755859375]","[1221.51171875, 733.758544921875]","[1210.9306640625, 754.9207153320312]","[1411.9715576171875, 924.2183227539062]","[1422.5526123046875, 945.3804321289062]"
"[591.7455444335938, 789.2909545898438]","[560.281005859375, 789.2909545898438]","[570.7692260742188, 810.267333984375]","[612.7218627929688, 925.63720703125]","[591.7455444335938, 873.1962890625]","[707.115478515625, 820.7554931640625]","[707.115478515625, 904.660888671875]","[853.9498901367188, 736.85009765625]","[843.4617309570312, 768.3146362304688]","[791.0208740234375, 778.8027954101562]","[759.5563354492188, 778.8027954101562]","[1011.2724609375, 831.24365234375]","[1000.7843017578125, 883.6845092773438]","[1221.035888671875, 726.3619384765625]","[1210.5477294921875, 747.3382568359375]","[1420.31103515625, 925.63720703125]","[1420.31103515625, 946.6135864257812]"
"[592.5352172851562, 789.7125244140625]","[561.1905517578125, 789.7125244140625]","[571.6387939453125, 810.6090087890625]","[613.4315795898438, 925.5392456054688]","[592.5352172851562, 873.2982177734375]","[717.9136352539062, 821.0571899414062]","[697.0172729492188, 904.6427612304688]","[853.7402954101562, 737.4715576171875]","[843.2920532226562, 768.816162109375]","[791.0510864257812, 779.2643432617188]","[759.7064819335938, 779.2643432617188]","[1010.4633178710938, 831.50537109375]","[1000.0151977539062, 894.1946411132812]","[1219.4273681640625, 727.0233154296875]","[1219.4273681640625, 747.9197998046875]","[1428.391357421875, 904.6427612304688]","[1428.391357421875, 946.4356689453125]"
"[592.1580200195312, 789.4765625]","[560.8348999023438, 789.4765625]","[571.2759399414062, 810.358642578125]","[613.0401000976562, 925.2100830078125]","[592.1580200195312, 873.0048828125]","[717.4505615234375, 820.7996215820312]","[696.5684814453125, 904.3279418945312]","[853.1841430664062, 737.2713012695312]","[842.7431030273438, 768.594482421875]","[790.537841796875, 779.0354614257812]","[759.2147827148438, 779.0354614257812]","[1009.7997436523438, 831.24072265625]","[999.3587036132812, 893.886962890625]","[1218.62060546875, 726.8302612304688]","[1218.62060546875, 747.7123413085938]","[1427.44140625, 914.76904296875]","[1427.44140625, 956.533203125]"
"[601.6382446289062, 798.4428100585938]","[549.3560180664062, 808.8992309570312]","[570.2688598632812, 819.3556518554688]","[622.5510864257812, 923.9201049804688]","[601.6382446289062, 882.0942993164062]","[716.6591186523438, 829.8121337890625]","[706.20263671875, 913.463623046875]","[842.1363525390625, 725.2477416992188]","[842.1363525390625, 767.073486328125]","[779.3977661132812, 777.5299682617188]","[758.4848022460938, 777.5299682617188]","[1009.4393920898438, 829.8121337890625]","[998.98291015625, 892.5507202148438]","[1218.568115234375, 735.7041625976562]","[1218.568115234375, 756.6170654296875]","[1427.697021484375, 923.9201049804688]","[1427.697021484375, 955.2894287109375]"
"[592.1946411132812, 817.7846069335938]","[559.1167602539062, 817.7846069335938]","[581.168701171875, 850.8624267578125]","[1397.088623046875, 950.095947265625]","[603.2205810546875, 883.9402465820312]","[702.4541015625, 839.83642578125]","[702.4541015625, 905.9921264648438]","[845.7913818359375, 740.6029052734375]","[845.7913818359375, 762.65478515625]","[779.6357421875, 784.7067260742188]","[768.6098022460938, 784.7067260742188]","[1022.20654296875, 839.83642578125]","[1000.1546630859375, 883.9402465820312]","[1231.699462890625, 729.5769653320312]","[1209.6474609375, 751.62890625]","[1419.140625, 939.0699462890625]","[1419.140625, 950.095947265625]"
"[591.7299194335938, 818.08544921875]","[569.6353759765625, 818.08544921875]","[580.6826782226562, 851.2272338867188]","[569.6353759765625, 829.1326904296875]","[602.7771606445312, 884.368896484375]","[702.2024536132812, 840.179931640625]","[702.2024536132812, 917.5107421875]","[845.8167724609375, 740.754638671875]","[845.8167724609375, 762.8491821289062]","[779.533203125, 784.9436645507812]","[768.4860229492188, 784.9436645507812]","[1022.5728149414062, 840.179931640625]","[1000.478271484375, 884.368896484375]","[1232.4705810546875, 729.7073974609375]","[1210.3759765625, 751.8019409179688]","[1420.27392578125, 939.605224609375]","[1420.27392578125, 950.6525268554688]"
"[596.0360717773438, 818.0374755859375]","[574.0955200195312, 818.0374755859375]","[574.0955200195312, 850.9483032226562]","[1396.86669921875, 949.680908203125]","[596.0360717773438, 905.7997436523438]","[705.7389526367188, 839.9780883789062]","[694.7686767578125, 916.7700805664062]","[848.3526611328125, 741.2454833984375]","[837.38232421875, 763.1860961914062]","[782.5309448242188, 774.1563720703125]","[771.5606689453125, 785.1265869140625]","[1023.8771362304688, 839.9780883789062]","[990.96630859375, 883.8592529296875]","[1232.3125, 730.2752075195312]","[1210.3719482421875, 752.2157592773438]","[1418.807373046875, 938.7105712890625]","[1418.807373046875, 949.680908203125]"
"[585.7472534179688, 827.3458251953125]","[553.2813110351562, 816.5238647460938]","[564.1033325195312, 848.9898681640625]","[661.5011596679688, 805.701904296875]","[585.7472534179688, 903.0997314453125]","[704.7891235351562, 816.5238647460938]","[693.9671020507812, 913.9216918945312]","[856.296875, 729.9480590820312]","[845.474853515625, 773.2359619140625]","[758.8990478515625, 773.2359619140625]","[737.2550659179688, 784.0579223632812]","[1007.8046264648438, 827.3458251953125]","[996.9826049804688, 892.2777709960938]","[1224.2442626953125, 740.77001953125]","[1224.2442626953125, 762.4140014648438]","[1451.505859375, 859.8118286132812]","[1429.8619384765625, 946.3876342773438]"
"[572.0869750976562, 826.850341796875]","[551.1699829101562, 826.850341796875]","[561.6284790039062, 868.6843872070312]","[593.0039672851562, 826.850341796875]","[582.5454711914062, 910.5183715820312]","[718.5061645507812, 805.9332885742188]","[687.1306762695312, 931.4354858398438]","[864.9254150390625, 732.7236328125]","[833.5498657226562, 774.5577392578125]","[770.7987670898438, 764.0991821289062]","[739.4232788085938, 774.5577392578125]","[1011.3446655273438, 837.308837890625]","[1000.8861083984375, 900.0598754882812]","[1220.514892578125, 732.7236328125]","[1220.514892578125, 753.6406860351562]","[1429.685302734375, 900.0598754882812]","[1419.2265625, 952.3524780273438]"
"[572.6385498046875, 826.7222900390625]","[551.7386474609375, 826.7222900390625]","[562.1885986328125, 868.5220336914062]","[593.5383911132812, 826.7222900390625]","[583.0884399414062, 910.3217163085938]","[718.9376831054688, 805.8223876953125]","[687.5878295898438, 931.2216186523438]","[865.2367553710938, 732.6727905273438]","[833.8870239257812, 774.4725341796875]","[771.1873779296875, 764.0226440429688]","[739.8375854492188, 774.4725341796875]","[1011.5359497070312, 837.1722412109375]","[1001.0859985351562, 899.871826171875]","[1220.53466796875, 732.6727905273438]","[1220.53466796875, 753.5726928710938]","[1429.5333251953125, 899.871826171875]","[1429.5333251953125, 952.1215209960938]"
"[571.9386596679688, 826.79248046875]","[551.0161743164062, 826.79248046875]","[561.4774780273438, 858.17626953125]","[592.8612670898438, 826.79248046875]","[582.3999633789062, 910.4825439453125]","[707.9351196289062, 805.8699951171875]","[687.0125122070312, 931.4050903320312]","[864.8539428710938, 732.6411743164062]","[833.4701538085938, 774.4862060546875]","[770.7026977539062, 764.02490234375]","[739.3189086914062, 774.4862060546875]","[1011.3115844726562, 837.2537231445312]","[1000.850341796875, 900.0213012695312]","[1220.5367431640625, 732.6411743164062]","[1220.5367431640625, 753.5636596679688]","[1429.761962890625, 889.56005859375]","[1419.30078125, 952.32763671875]"
"[581.935546875, 816.0709228515625]","[561.4489135742188, 826.3142700195312]","[561.4489135742188, 857.044189453125]","[684.3687133789062, 795.5843505859375]","[592.1788330078125, 898.0174560546875]","[715.0986328125, 805.82763671875]","[684.3687133789062, 928.7474365234375]","[858.5050659179688, 734.1243896484375]","[807.2885131835938, 785.3410034179688]","[786.8018188476562, 764.8543701171875]","[745.8285522460938, 775.0977172851562]","[1001.9114379882812, 846.8009033203125]","[1001.9114379882812, 898.0174560546875]","[1227.2642822265625, 734.1243896484375]","[1227.2642822265625, 754.6110229492188]","[1432.1304931640625, 918.5040283203125]","[1421.88720703125, 949.2340087890625]"
"[581.9263305664062, 816.1904907226562]","[561.4334106445312, 816.1904907226562]","[571.6798706054688, 846.9298095703125]","[684.3909301757812, 795.6975708007812]","[592.1727905273438, 898.162109375]","[715.1303100585938, 805.9440307617188]","[684.3909301757812, 928.9014282226562]","[858.5806274414062, 734.2188110351562]","[817.5948486328125, 775.2046508789062]","[786.85546875, 764.9581909179688]","[745.8696899414062, 775.2046508789062]","[1002.031005859375, 846.9298095703125]","[1002.031005859375, 898.162109375]","[1227.453125, 734.2188110351562]","[1227.453125, 754.7117309570312]","[1432.382080078125, 918.6550903320312]","[1422.1357421875, 949.3944091796875]"
"[575.6206665039062, 835.9466552734375]","[554.794921875, 835.9466552734375]","[565.2078247070312, 867.1851806640625]","[586.0335083007812, 835.9466552734375]","[586.0335083007812, 908.836669921875]","[710.9879760742188, 804.7080078125]","[679.7493286132812, 929.6624755859375]","[856.7681274414062, 731.8179321289062]","[804.7037963867188, 783.8822631835938]","[773.4651489257812, 773.4694213867188]","[742.2265625, 773.4694213867188]","[1002.5482788085938, 846.3594970703125]","[1002.5482788085938, 908.836669921875]","[1231.63134765625, 742.2308349609375]","[1221.2183837890625, 752.6436767578125]","[1429.4757080078125, 908.836669921875]","[1429.4757080078125, 950.4881591796875]"
"[578.9938354492188, 834.6136474609375]","[558.2953491210938, 834.6136474609375]","[568.6445922851562, 865.6612548828125]","[589.343017578125, 834.6136474609375]","[589.343017578125, 907.0581665039062]","[703.1845092773438, 813.9151611328125]","[682.4860229492188, 927.756591796875]","[858.4228515625, 731.1213989257812]","[817.0260009765625, 772.5182495117188]","[775.6290893554688, 762.1690673828125]","[754.9306030273438, 772.5182495117188]","[1003.31201171875, 834.6136474609375]","[992.9628295898438, 896.7089233398438]","[1220.6456298828125, 741.4705810546875]","[1220.6456298828125, 762.1690673828125]","[1427.630126953125, 917.4073486328125]","[1427.630126953125, 948.4550170898438]"